{
  "individuo": {
    "primeiroNome": "Matheus",
    "sobrenome": "Bonotto",
    "nomeCompleto": "Matheus Bonotto",
    "dataNasc": "11/08/1998",
    "local": "Campinas-SP",
    "pais": "Brasil",
    "ocupacao": "QA (Quality Assurance)",
    "descricao": "Profissional experiente em Quality Assurance, QA Tester, Analista de Testes e Teste de Software. Já trabalhei com metodologias ágeis, Scrum, na ferramenta Jira, realizando testes funcionais, testes de sistema, testes de regressão e exploratórios. Participei do planejamento de testes, criei documentações intuitivas, reportei bugs e garanti a qualidade do sistema. Implementei automação de testes com Cypress e Robot Framework na Americanas de 06/22 a 12/23. Tenho experiência avançada em Excel e Power BI, trabalhando sempre orientado a resultados.",
    "keywords": "Quality Assurance; QA Tester; Analista de Testes; Teste de Software; Scrum; Jira; Testes Funcionais; Testes de Sistema; Testes de Regressão; Testes Exploratórios; Automação de Testes; Cypress; Robot Framework; Excel Avançado; Power BI; Metodologias Ágeis; Planejamento de Testes; BDD; Gherkin; API REST; Capacidade Analítica",
    "github": "https://github.com/matteusbonotto",
    "linkedin": "https://linkedin.com/in/matheusbonotto",
    "email": "contato@matheusbonotto.com.br",
    "telefone": "+55 (19) 99591-0737",
    "hardSkills": [
      "Planejamento de Testes",
      "Testes Funcionais",
      "Testes de Sistema",
      "Testes de Regressão",
      "Testes Exploratórios",
      "Automação de Testes",
      "Cypress",
      "Robot Framework",
      "API REST",
      "Capacidade Analítica",
      "Excel Avançado",
      "Power BI",
      "Scrum",
      "Jira",
      "Orientado a Resultados"
    ],
    "softSkills": [
      "Solução de Problemas Técnicos",
      "Comunicação Efetiva",
      "Trabalho em Equipe",
      "Pensamento Analítico",
      "Adaptabilidade",
      "Orientação para Resultados",
      "Aprendizado Contínuo",
      "Organizado"
    ]
  },
  "historicoAcademico": [
    {
      "instituicao": "VINCIT",
      "curso": "Teste de Software",
      "tipo": "Lato Sensu",
      "inicio": "01/01/2024",
      "fim": "",
      "atual": true,
      "descricao": "Especialização em Teste de Software com foco em metodologias avançadas de QA."
    },
    {
      "instituicao": "UNASP - Centro Universitário Adventista de São Paulo",
      "curso": "Sistemas de Informação",
      "tipo": "Bacharelado",
      "inicio": "01/01/2018",
      "fim": "31/12/2023",
      "atual": false,
      "descricao": "Formação completa em desenvolvimento de sistemas, análise de requisitos e gestão de projetos de TI."
    },
    {
      "instituicao": "SENAC",
      "curso": "Técnico em Informática",
      "tipo": "Técnico",
      "inicio": "01/01/2015",
      "fim": "31/12/2017",
      "atual": false,
      "descricao": "Formação técnica em informática com foco em hardware, software e redes."
    }
  ],
  "historicoProfissional": [
    {
      "instituicao": "Americanas S.A.",
      "titulo": "Técnico de Garantia de Qualidade (Júnior)",
      "regime": "CLT",
      "local": "Vitória-ES",
      "tipoLocal": "Remoto",
      "descricao": "Atuei realizando testes funcionais com a metodologia Scrum utilizando Jira. Mantive-me atualizado sobre regras de negócio, atualizei documentos executando testes exploratórios e regressivos para identificar e reportar bugs. Implementei automação de testes com Cypress e Robot Framework.",
      "inicio": "01/06/2022",
      "fim": "31/12/2023",
      "atual": false
    },
    {
      "instituicao": "SiDi (Samsung Institute of Development for Informatics)",
      "titulo": "Quality Assurance Test (Estágio)",
      "regime": "Estágio",
      "local": "Campinas-SP",
      "tipoLocal": "Híbrido",
      "descricao": "Adquiri experiência em metodologia ágil, atualizando e acompanhando os cards no JIRA. Criei casos de teste em BDD (Behavior Drive Development) e Gherkin para cobrir a sprint, realizei a execução de testes automáticos e exploratórios.",
      "inicio": "01/08/2020",
      "fim": "31/06/2022",
      "atual": false
    },
    {
      "instituicao": "Realiza Software",
      "titulo": "Desenvolvedor de Software (Estágio)",
      "regime": "Estágio",
      "local": "Campinas-SP",
      "tipoLocal": "Presencial",
      "descricao": "Estagiário em Desenvolvimento, prestei suporte e desenvolvimento em SAT e ERP com VB.NET e SQL.",
      "inicio": "01/08/2019",
      "fim": "31/03/2020",
      "atual": false
    },
    {
      "instituicao": "Crespo e Caires Advogados Associados",
      "titulo": "Analista de Suporte Técnico",
      "regime": "CLT",
      "local": "Hortolândia-SP",
      "tipoLocal": "Presencial",
      "descricao": "Atuei na área de suporte, auxiliando presencialmente os funcionários e realizando manutenção de computadores, impressoras e rede interna. Gerenciamento de estoque, licenças, materiais e equipamentos de informática e infraestrutura. Execução de formatações e montagem de máquinas.",
      "inicio": "01/01/2016",
      "fim": "31/08/2019",
      "atual": false
    }
  ],
  "idiomas": [
    {
      "idioma": "Português",
      "nivel": "Nativo",
      "cursando": false,
      "instituicao": ""
    },
    {
      "idioma": "Inglês",
      "nivel": "B1 - Intermediário",
      "cursando": true,
      "instituicao": "Open English"
    }
  ],
  "certificacoes": [
    {
      "nome": "Especialização em Teste de Software",
      "instituicao": "VINCIT",
      "data": "2024",
      "validade": "Vitalícia"
    }
  ],
  "projetos": [
    {
      "nome": "Automação de Testes - Americanas",
      "descricao": "Implementação de automação de testes utilizando Cypress e Robot Framework para garantir qualidade dos produtos da Americanas S.A.",
      "tecnologias": ["Cypress", "Robot Framework", "JavaScript", "Python"],
      "data": "2022-2023"
    },
    {
      "nome": "Casos de Teste em BDD",
      "descricao": "Criação de casos de teste utilizando BDD (Behavior Drive Development) e Gherkin para cobertura de sprints em projetos ágeis.",
      "tecnologias": ["BDD", "Gherkin", "Jira", "Scrum"],
      "data": "2020-2022"
    }
  ]
}
